<?xml version="1.0" encoding="UTF-8"?>
<GenRun Id="impl_1" LaunchPart="xc7a35tcpg236-1" LaunchTime="1686505987">
  <File Type="PWROPT-DCP" Name="Nano_pwropt.dcp"/>
  <File Type="ROUTE-PWR" Name="Nano_power_routed.rpt"/>
  <File Type="PA-TCL" Name="Nano.tcl"/>
  <File Type="ROUTE-PWR-SUM" Name="Nano_power_summary_routed.pb"/>
  <File Type="REPORTS-TCL" Name="Nano_reports.tcl"/>
  <File Type="BG-DRC" Name="Nano.drc"/>
  <File Type="OPT-METHODOLOGY-DRC" Name="Nano_methodology_drc_opted.rpt"/>
  <File Type="INIT-TIMING" Name="Nano_timing_summary_init.rpt"/>
  <File Type="OPT-HWDEF" Name="Nano.hwdef"/>
  <File Type="OPT-DCP" Name="Nano_opt.dcp"/>
  <File Type="OPT-DRC" Name="Nano_drc_opted.rpt"/>
  <File Type="OPT-TIMING" Name="Nano_timing_summary_opted.rpt"/>
  <File Type="PWROPT-DRC" Name="Nano_drc_pwropted.rpt"/>
  <File Type="PWROPT-TIMING" Name="Nano_timing_summary_pwropted.rpt"/>
  <File Type="PLACE-DCP" Name="Nano_placed.dcp"/>
  <File Type="PLACE-IO" Name="Nano_io_placed.rpt"/>
  <File Type="PLACE-CLK" Name="Nano_clock_utilization_placed.rpt"/>
  <File Type="PLACE-UTIL" Name="Nano_utilization_placed.rpt"/>
  <File Type="PLACE-UTIL-PB" Name="Nano_utilization_placed.pb"/>
  <File Type="PLACE-CTRL" Name="Nano_control_sets_placed.rpt"/>
  <File Type="PLACE-SIMILARITY" Name="Nano_incremental_reuse_placed.rpt"/>
  <File Type="PLACE-PRE-SIMILARITY" Name="Nano_incremental_reuse_pre_placed.rpt"/>
  <File Type="PLACE-TIMING" Name="Nano_timing_summary_placed.rpt"/>
  <File Type="POSTPLACE-PWROPT-DCP" Name="Nano_postplace_pwropt.dcp"/>
  <File Type="POSTPLACE-PWROPT-TIMING" Name="Nano_timing_summary_postplace_pwropted.rpt"/>
  <File Type="PHYSOPT-DCP" Name="Nano_physopt.dcp"/>
  <File Type="PHYSOPT-DRC" Name="Nano_drc_physopted.rpt"/>
  <File Type="BG-BIT" Name="Nano.bit"/>
  <File Type="PHYSOPT-TIMING" Name="Nano_timing_summary_physopted.rpt"/>
  <File Type="ROUTE-ERROR-DCP" Name="Nano_routed_error.dcp"/>
  <File Type="ROUTE-DCP" Name="Nano_routed.dcp"/>
  <File Type="ROUTE-BLACKBOX-DCP" Name="Nano_routed_bb.dcp"/>
  <File Type="ROUTE-DRC" Name="Nano_drc_routed.rpt"/>
  <File Type="ROUTE-DRC-PB" Name="Nano_drc_routed.pb"/>
  <File Type="BITSTR-MSK" Name="Nano.msk"/>
  <File Type="ROUTE-DRC-RPX" Name="Nano_drc_routed.rpx"/>
  <File Type="BG-BGN" Name="Nano.bgn"/>
  <File Type="ROUTE-METHODOLOGY-DRC" Name="Nano_methodology_drc_routed.rpt"/>
  <File Type="BITSTR-RBT" Name="Nano.rbt"/>
  <File Type="ROUTE-METHODOLOGY-DRC-RPX" Name="Nano_methodology_drc_routed.rpx"/>
  <File Type="BG-BIN" Name="Nano.bin"/>
  <File Type="ROUTE-METHODOLOGY-DRC-PB" Name="Nano_methodology_drc_routed.pb"/>
  <File Type="ROUTE-PWR-RPX" Name="Nano_power_routed.rpx"/>
  <File Type="ROUTE-STATUS" Name="Nano_route_status.rpt"/>
  <File Type="ROUTE-STATUS-PB" Name="Nano_route_status.pb"/>
  <File Type="ROUTE-TIMINGSUMMARY" Name="Nano_timing_summary_routed.rpt"/>
  <File Type="ROUTE-TIMING-PB" Name="Nano_timing_summary_routed.pb"/>
  <File Type="ROUTE-TIMING-RPX" Name="Nano_timing_summary_routed.rpx"/>
  <File Type="ROUTE-SIMILARITY" Name="Nano_incremental_reuse_routed.rpt"/>
  <File Type="RDI-RDI" Name="Nano.vdi"/>
  <File Type="ROUTE-CLK" Name="Nano_clock_utilization_routed.rpt"/>
  <File Type="POSTROUTE-PHYSOPT-DCP" Name="Nano_postroute_physopt.dcp"/>
  <File Type="POSTROUTE-PHYSOPT-BLACKBOX-DCP" Name="Nano_postroute_physopt_bb.dcp"/>
  <File Type="POSTROUTE-PHYSOPT-TIMING" Name="Nano_timing_summary_postroute_physopted.rpt"/>
  <File Type="POSTROUTE-PHYSOPT-TIMING-PB" Name="Nano_timing_summary_postroute_physopted.pb"/>
  <File Type="POSTROUTE-PHYSOPT-TIMING-RPX" Name="Nano_timing_summary_postroute_physopted.rpx"/>
  <File Type="BITSTR-NKY" Name="Nano.nky"/>
  <File Type="BITSTR-BMM" Name="Nano_bd.bmm"/>
  <File Type="BITSTR-MMI" Name="Nano.mmi"/>
  <File Type="BITSTR-LTX" Name="debug_nets.ltx"/>
  <File Type="BITSTR-LTX" Name="Nano.ltx"/>
  <File Type="BITSTR-SYSDEF" Name="Nano.sysdef"/>
  <File Type="WBT-USG" Name="usage_statistics_webtalk.html"/>
  <FileSet Name="sources" Type="DesignSrcs" RelSrcDir="$PSRCDIR/sources_1">
    <Filter Type="Srcs"/>
    <File Path="$PSRCDIR/sources_1/new/Adder_Subtractor_2.vhd">
      <FileInfo>
        <Attr Name="ImportPath" Val="$PPRDIR/../Lab10/Lab10.srcs/sources_1/new/Adder_Subtractor_2.vhd"/>
        <Attr Name="ImportTime" Val="1686468199"/>
        <Attr Name="UsedIn" Val="synthesis"/>
        <Attr Name="UsedIn" Val="simulation"/>
      </FileInfo>
    </File>
    <File Path="$PSRCDIR/sources_1/imports/DELL/Lab 5  _ new 1/Lab 5.srcs/sources_1/new/D_FF.vhd">
      <FileInfo>
        <Attr Name="ImportPath" Val="$PPRDIR/../../Lab 5  _ new 1/Lab 5.srcs/sources_1/new/D_FF.vhd"/>
        <Attr Name="ImportTime" Val="1683180422"/>
        <Attr Name="UsedIn" Val="synthesis"/>
        <Attr Name="UsedIn" Val="simulation"/>
      </FileInfo>
    </File>
    <File Path="$PSRCDIR/sources_1/imports/new/Decoder_2_to_4.vhd">
      <FileInfo>
        <Attr Name="ImportPath" Val="$PPRDIR/../../Lab_4_new1/Lab_4.srcs/sources_1/new/Decoder_2_to_4.vhd"/>
        <Attr Name="ImportTime" Val="1683180492"/>
        <Attr Name="UsedIn" Val="synthesis"/>
        <Attr Name="UsedIn" Val="simulation"/>
      </FileInfo>
    </File>
    <File Path="$PSRCDIR/sources_1/imports/new/Decoder_3_to_8.vhd">
      <FileInfo>
        <Attr Name="ImportPath" Val="$PPRDIR/../../Lab_4_new1/Lab_4.srcs/sources_1/new/Decoder_3_to_8.vhd"/>
        <Attr Name="ImportTime" Val="1683180493"/>
        <Attr Name="UsedIn" Val="synthesis"/>
        <Attr Name="UsedIn" Val="simulation"/>
      </FileInfo>
    </File>
    <File Path="$PSRCDIR/sources_1/imports/new/FA.vhd">
      <FileInfo>
        <Attr Name="ImportPath" Val="$PPRDIR/../../../2nd semi/computer organization/Lab03/Lab03.srcs/sources_1/new/FA.vhd"/>
        <Attr Name="ImportTime" Val="1685595665"/>
        <Attr Name="UsedIn" Val="synthesis"/>
        <Attr Name="UsedIn" Val="simulation"/>
      </FileInfo>
    </File>
    <File Path="$PSRCDIR/sources_1/imports/new/HA.vhd">
      <FileInfo>
        <Attr Name="ImportPath" Val="$PPRDIR/../../../2nd semi/computer organization/Lab03/Lab03.srcs/sources_1/new/HA.vhd"/>
        <Attr Name="ImportTime" Val="1685595665"/>
        <Attr Name="UsedIn" Val="synthesis"/>
        <Attr Name="UsedIn" Val="simulation"/>
      </FileInfo>
    </File>
    <File Path="$PSRCDIR/sources_1/new/Instruction_Decoder.vhd">
      <FileInfo>
        <Attr Name="ImportPath" Val="$PPRDIR/../Lab10/Lab10.srcs/sources_1/new/Instruction_Decoder.vhd"/>
        <Attr Name="ImportTime" Val="1686468199"/>
        <Attr Name="UsedIn" Val="synthesis"/>
        <Attr Name="UsedIn" Val="simulation"/>
      </FileInfo>
    </File>
    <File Path="$PSRCDIR/sources_1/imports/DELL/Lab7_new/Lab7_new.srcs/sources_1/new/LUT_16_7.vhd">
      <FileInfo>
        <Attr Name="ImportPath" Val="$PPRDIR/../../Lab7_new/Lab7_new.srcs/sources_1/new/LUT_16_7.vhd"/>
        <Attr Name="ImportTime" Val="1683303154"/>
        <Attr Name="UsedIn" Val="synthesis"/>
        <Attr Name="UsedIn" Val="simulation"/>
      </FileInfo>
    </File>
    <File Path="$PSRCDIR/sources_1/imports/DELL/nanoprocessor/2way3bitMUX/Way2_bit3_MUX/Way2_bit3_MUX.srcs/sources_1/new/MUX_2to1.vhd">
      <FileInfo>
        <Attr Name="ImportPath" Val="$PPRDIR/../../nanoprocessor/2way3bitMUX/Way2_bit3_MUX/Way2_bit3_MUX.srcs/sources_1/new/MUX_2to1.vhd"/>
        <Attr Name="ImportTime" Val="1685757582"/>
        <Attr Name="UsedIn" Val="synthesis"/>
        <Attr Name="UsedIn" Val="simulation"/>
      </FileInfo>
    </File>
    <File Path="$PSRCDIR/sources_1/imports/DELL/Lab_4_new1/Lab_4.srcs/sources_1/new/Mux_8_to_1.vhd">
      <FileInfo>
        <Attr Name="ImportPath" Val="$PPRDIR/../../Lab_4_new1/Lab_4.srcs/sources_1/new/Mux_8_to_1.vhd"/>
        <Attr Name="ImportTime" Val="1683180493"/>
        <Attr Name="UsedIn" Val="synthesis"/>
        <Attr Name="UsedIn" Val="simulation"/>
      </FileInfo>
    </File>
    <File Path="$PSRCDIR/sources_1/imports/new/Program_Counter.vhd">
      <FileInfo>
        <Attr Name="ImportPath" Val="$PPRDIR/../PC/PC.srcs/sources_1/new/Program_Counter.vhd"/>
        <Attr Name="ImportTime" Val="1685861292"/>
        <Attr Name="UsedIn" Val="synthesis"/>
        <Attr Name="UsedIn" Val="simulation"/>
      </FileInfo>
    </File>
    <File Path="$PSRCDIR/sources_1/new/RCA_3.vhd">
      <FileInfo>
        <Attr Name="ImportPath" Val="$PPRDIR/../Lab10/Lab10.srcs/sources_1/new/RCA_3.vhd"/>
        <Attr Name="ImportTime" Val="1686468199"/>
        <Attr Name="UsedIn" Val="synthesis"/>
        <Attr Name="UsedIn" Val="simulation"/>
      </FileInfo>
    </File>
    <File Path="$PSRCDIR/sources_1/imports/DELL/nanoprocessor/Program_ROM/Program_ROM.srcs/sources_1/new/ROM.vhd">
      <FileInfo>
        <Attr Name="ImportPath" Val="$PPRDIR/../../nanoprocessor/Program_ROM/Program_ROM.srcs/sources_1/new/ROM.vhd"/>
        <Attr Name="ImportTime" Val="1685928752"/>
        <Attr Name="UsedIn" Val="synthesis"/>
        <Attr Name="UsedIn" Val="simulation"/>
      </FileInfo>
    </File>
    <File Path="$PSRCDIR/sources_1/new/Register_4_bit.vhd">
      <FileInfo>
        <Attr Name="ImportPath" Val="$PPRDIR/../Lab10/Lab10.srcs/sources_1/new/Register_4_bit.vhd"/>
        <Attr Name="ImportTime" Val="1686468199"/>
        <Attr Name="UsedIn" Val="synthesis"/>
        <Attr Name="UsedIn" Val="simulation"/>
      </FileInfo>
    </File>
    <File Path="$PSRCDIR/sources_1/new/Register_Bank.vhd">
      <FileInfo>
        <Attr Name="ImportPath" Val="$PPRDIR/../Lab10/Lab10.srcs/sources_1/new/Register_Bank.vhd"/>
        <Attr Name="ImportTime" Val="1686468199"/>
        <Attr Name="UsedIn" Val="synthesis"/>
        <Attr Name="UsedIn" Val="simulation"/>
      </FileInfo>
    </File>
    <File Path="$PSRCDIR/sources_1/imports/DELL/Lab 5  _ new 1/Lab 5.srcs/sources_1/new/Slow_Clk.vhd">
      <FileInfo>
        <Attr Name="ImportPath" Val="$PPRDIR/../../Lab 5  _ new 1/Lab 5.srcs/sources_1/new/Slow_Clk.vhd"/>
        <Attr Name="ImportTime" Val="1683180422"/>
        <Attr Name="UsedIn" Val="synthesis"/>
        <Attr Name="UsedIn" Val="simulation"/>
      </FileInfo>
    </File>
    <File Path="$PSRCDIR/sources_1/imports/DELL/nanoprocessor/2way3bitMUX/Way2_bit3_MUX/Way2_bit3_MUX.srcs/sources_1/new/Way2_3_Mux.vhd">
      <FileInfo>
        <Attr Name="ImportPath" Val="$PPRDIR/../../nanoprocessor/2way3bitMUX/Way2_bit3_MUX/Way2_bit3_MUX.srcs/sources_1/new/Way2_3_Mux.vhd"/>
        <Attr Name="ImportTime" Val="1685758428"/>
        <Attr Name="UsedIn" Val="synthesis"/>
        <Attr Name="UsedIn" Val="simulation"/>
      </FileInfo>
    </File>
    <File Path="$PSRCDIR/sources_1/imports/DELL/nanoprocessor/2Way_4bit_MUX/2Way_4bit_MUX.srcs/sources_1/new/Way2_4bit_MUX.vhd">
      <FileInfo>
        <Attr Name="ImportPath" Val="$PPRDIR/../../nanoprocessor/2Way_4bit_MUX/2Way_4bit_MUX.srcs/sources_1/new/Way2_4bit_MUX.vhd"/>
        <Attr Name="ImportTime" Val="1686155886"/>
        <Attr Name="UsedIn" Val="synthesis"/>
        <Attr Name="UsedIn" Val="simulation"/>
      </FileInfo>
    </File>
    <File Path="$PSRCDIR/sources_1/imports/DELL/nanoprocessor/Way_8_4bit_Mux/Way_8_4bit_Mux.srcs/sources_1/new/Way8_4_MUX.vhd">
      <FileInfo>
        <Attr Name="ImportPath" Val="$PPRDIR/../../nanoprocessor/Way_8_4bit_Mux/Way_8_4bit_Mux.srcs/sources_1/new/Way8_4_MUX.vhd"/>
        <Attr Name="ImportTime" Val="1685599176"/>
        <Attr Name="UsedIn" Val="synthesis"/>
        <Attr Name="UsedIn" Val="simulation"/>
      </FileInfo>
    </File>
    <File Path="$PSRCDIR/sources_1/new/Nano.vhd">
      <FileInfo>
        <Attr Name="ImportPath" Val="$PPRDIR/../Lab10/Lab10.srcs/sources_1/new/Nano.vhd"/>
        <Attr Name="ImportTime" Val="1686468199"/>
        <Attr Name="UsedIn" Val="synthesis"/>
        <Attr Name="UsedIn" Val="simulation"/>
      </FileInfo>
    </File>
    <File Path="$PSRCDIR/sources_1/imports/nanoprocessor/Program_ROM/Program_ROM.srcs/sim_1/new/TB_ROM.vhd">
      <FileInfo>
        <Attr Name="AutoDisabled" Val="1"/>
        <Attr Name="ImportPath" Val="$PPRDIR/../../nanoprocessor/Program_ROM/Program_ROM.srcs/sim_1/new/TB_ROM.vhd"/>
        <Attr Name="ImportTime" Val="1686162452"/>
        <Attr Name="UsedIn" Val="synthesis"/>
        <Attr Name="UsedIn" Val="simulation"/>
      </FileInfo>
    </File>
    <File Path="$PSRCDIR/sources_1/imports/new/RCA_4.vhd">
      <FileInfo>
        <Attr Name="AutoDisabled" Val="1"/>
        <Attr Name="ImportPath" Val="$PPRDIR/../../../2nd semi/computer organization/Lab03/Lab03.srcs/sources_1/new/RCA_4.vhd"/>
        <Attr Name="ImportTime" Val="1685595665"/>
        <Attr Name="UsedIn" Val="synthesis"/>
        <Attr Name="UsedIn" Val="simulation"/>
      </FileInfo>
    </File>
    <File Path="$PSRCDIR/sources_1/imports/nanoprocessor/2way3bitMUX/Way2_bit3_MUX/Way2_bit3_MUX.srcs/sim_1/new/TB_2_1_MUX.vhd">
      <FileInfo>
        <Attr Name="AutoDisabled" Val="1"/>
        <Attr Name="ImportPath" Val="$PPRDIR/../../nanoprocessor/2way3bitMUX/Way2_bit3_MUX/Way2_bit3_MUX.srcs/sim_1/new/TB_2_1_MUX.vhd"/>
        <Attr Name="ImportTime" Val="1686153912"/>
        <Attr Name="UsedIn" Val="synthesis"/>
        <Attr Name="UsedIn" Val="simulation"/>
      </FileInfo>
    </File>
    <File Path="$PSRCDIR/sources_1/imports/nanoprocessor/2way3bitMUX/Way2_bit3_MUX/Way2_bit3_MUX.srcs/sim_1/new/TB_2way_3bit_MUX.vhd">
      <FileInfo>
        <Attr Name="AutoDisabled" Val="1"/>
        <Attr Name="ImportPath" Val="$PPRDIR/../../nanoprocessor/2way3bitMUX/Way2_bit3_MUX/Way2_bit3_MUX.srcs/sim_1/new/TB_2way_3bit_MUX.vhd"/>
        <Attr Name="ImportTime" Val="1686149752"/>
        <Attr Name="UsedIn" Val="synthesis"/>
        <Attr Name="UsedIn" Val="simulation"/>
      </FileInfo>
    </File>
    <File Path="$PSRCDIR/sources_1/imports/nanoprocessor/Way_8_4bit_Mux/Way_8_4bit_Mux.srcs/sim_1/new/Way8_TB.vhd">
      <FileInfo>
        <Attr Name="AutoDisabled" Val="1"/>
        <Attr Name="ImportPath" Val="$PPRDIR/../../nanoprocessor/Way_8_4bit_Mux/Way_8_4bit_Mux.srcs/sim_1/new/Way8_TB.vhd"/>
        <Attr Name="ImportTime" Val="1686146634"/>
        <Attr Name="UsedIn" Val="synthesis"/>
        <Attr Name="UsedIn" Val="simulation"/>
      </FileInfo>
    </File>
    <File Path="$PSRCDIR/sources_1/imports/nanoprocessor/2Way_4bit_MUX/2Way_4bit_MUX.srcs/sim_1/new/TB_Way2_4_MUX.vhd">
      <FileInfo>
        <Attr Name="AutoDisabled" Val="1"/>
        <Attr Name="ImportPath" Val="$PPRDIR/../../nanoprocessor/2Way_4bit_MUX/2Way_4bit_MUX.srcs/sim_1/new/TB_Way2_4_MUX.vhd"/>
        <Attr Name="ImportTime" Val="1686155866"/>
        <Attr Name="UsedIn" Val="synthesis"/>
        <Attr Name="UsedIn" Val="simulation"/>
      </FileInfo>
    </File>
    <File Path="$PSRCDIR/sources_1/imports/new/Way2_3_Mux.vhd">
      <FileInfo>
        <Attr Name="AutoDisabled" Val="1"/>
        <Attr Name="ImportPath" Val="$PPRDIR/../2way3bitMUX/Way2_bit3_MUX/Way2_bit3_MUX.srcs/sources_1/new/Way2_3_Mux.vhd"/>
        <Attr Name="ImportTime" Val="1685758427"/>
        <Attr Name="UsedIn" Val="synthesis"/>
        <Attr Name="UsedIn" Val="simulation"/>
      </FileInfo>
    </File>
    <Config>
      <Option Name="DesignMode" Val="RTL"/>
      <Option Name="TopModule" Val="Nano"/>
    </Config>
  </FileSet>
  <FileSet Name="constrs_in" Type="Constrs" RelSrcDir="$PSRCDIR/constrs_1">
    <Filter Type="Constrs"/>
    <File Path="$PSRCDIR/constrs_1/imports/computer organization/Basys3Labs.xdc">
      <FileInfo>
        <Attr Name="ImportPath" Val="$PPRDIR/../../../2nd semi/computer organization/Basys3Labs.xdc"/>
        <Attr Name="ImportTime" Val="1686304355"/>
        <Attr Name="UsedIn" Val="synthesis"/>
        <Attr Name="UsedIn" Val="implementation"/>
      </FileInfo>
    </File>
    <Config>
      <Option Name="ConstrsType" Val="XDC"/>
    </Config>
  </FileSet>
  <Strategy Version="1" Minor="2">
    <StratHandle Name="Vivado Implementation Defaults" Flow="Vivado Implementation 2018"/>
    <Step Id="init_design"/>
    <Step Id="opt_design"/>
    <Step Id="power_opt_design"/>
    <Step Id="place_design"/>
    <Step Id="post_place_power_opt_design"/>
    <Step Id="phys_opt_design"/>
    <Step Id="route_design"/>
    <Step Id="post_route_phys_opt_design"/>
    <Step Id="write_bitstream"/>
  </Strategy>
</GenRun>
