<?xml version="1.0" encoding="UTF-8"?>
<GenRun Id="synth_1" LaunchPart="xc7a35tcpg236-1" LaunchTime="1686505987">
  <File Type="PA-TCL" Name="Nano.tcl"/>
  <File Type="RDS-PROPCONSTRS" Name="Nano_drc_synth.rpt"/>
  <File Type="REPORTS-TCL" Name="Nano_reports.tcl"/>
  <File Type="RDS-RDS" Name="Nano.vds"/>
  <File Type="RDS-UTIL" Name="Nano_utilization_synth.rpt"/>
  <File Type="RDS-UTIL-PB" Name="Nano_utilization_synth.pb"/>
  <File Type="RDS-DCP" Name="Nano.dcp"/>
  <File Type="VDS-TIMINGSUMMARY" Name="Nano_timing_summary_synth.rpt"/>
  <File Type="VDS-TIMING-PB" Name="Nano_timing_summary_synth.pb"/>
  <FileSet Name="sources" Type="DesignSrcs" RelSrcDir="$PSRCDIR/sources_1">
    <Filter Type="Srcs"/>
    <File Path="$PSRCDIR/sources_1/new/Adder_Subtractor_2.vhd">
      <FileInfo>
        <Attr Name="ImportPath" Val="$PPRDIR/../Lab10/Lab10.srcs/sources_1/new/Adder_Subtractor_2.vhd"/>
        <Attr Name="ImportTime" Val="1686468199"/>
        <Attr Name="UsedIn" Val="synthesis"/>
        <Attr Name="UsedIn" Val="simulation"/>
      </FileInfo>
    </File>
    <File Path="$PSRCDIR/sources_1/imports/DELL/Lab 5  _ new 1/Lab 5.srcs/sources_1/new/D_FF.vhd">
      <FileInfo>
        <Attr Name="ImportPath" Val="$PPRDIR/../../Lab 5  _ new 1/Lab 5.srcs/sources_1/new/D_FF.vhd"/>
        <Attr Name="ImportTime" Val="1683180422"/>
        <Attr Name="UsedIn" Val="synthesis"/>
        <Attr Name="UsedIn" Val="simulation"/>
      </FileInfo>
    </File>
    <File Path="$PSRCDIR/sources_1/imports/new/Decoder_2_to_4.vhd">
      <FileInfo>
        <Attr Name="ImportPath" Val="$PPRDIR/../../Lab_4_new1/Lab_4.srcs/sources_1/new/Decoder_2_to_4.vhd"/>
        <Attr Name="ImportTime" Val="1683180492"/>
        <Attr Name="UsedIn" Val="synthesis"/>
        <Attr Name="UsedIn" Val="simulation"/>
      </FileInfo>
    </File>
    <File Path="$PSRCDIR/sources_1/imports/new/Decoder_3_to_8.vhd">
      <FileInfo>
        <Attr Name="ImportPath" Val="$PPRDIR/../../Lab_4_new1/Lab_4.srcs/sources_1/new/Decoder_3_to_8.vhd"/>
        <Attr Name="ImportTime" Val="1683180493"/>
        <Attr Name="UsedIn" Val="synthesis"/>
        <Attr Name="UsedIn" Val="simulation"/>
      </FileInfo>
    </File>
    <File Path="$PSRCDIR/sources_1/imports/new/FA.vhd">
      <FileInfo>
        <Attr Name="ImportPath" Val="$PPRDIR/../../../2nd semi/computer organization/Lab03/Lab03.srcs/sources_1/new/FA.vhd"/>
        <Attr Name="ImportTime" Val="1685595665"/>
        <Attr Name="UsedIn" Val="synthesis"/>
        <Attr Name="UsedIn" Val="simulation"/>
      </FileInfo>
    </File>
    <File Path="$PSRCDIR/sources_1/imports/new/HA.vhd">
      <FileInfo>
        <Attr Name="ImportPath" Val="$PPRDIR/../../../2nd semi/computer organization/Lab03/Lab03.srcs/sources_1/new/HA.vhd"/>
        <Attr Name="ImportTime" Val="1685595665"/>
        <Attr Name="UsedIn" Val="synthesis"/>
        <Attr Name="UsedIn" Val="simulation"/>
      </FileInfo>
    </File>
    <File Path="$PSRCDIR/sources_1/new/Instruction_Decoder.vhd">
      <FileInfo>
        <Attr Name="ImportPath" Val="$PPRDIR/../Lab10/Lab10.srcs/sources_1/new/Instruction_Decoder.vhd"/>
        <Attr Name="ImportTime" Val="1686468199"/>
        <Attr Name="UsedIn" Val="synthesis"/>
        <Attr Name="UsedIn" Val="simulation"/>
      </FileInfo>
    </File>
    <File Path="$PSRCDIR/sources_1/imports/DELL/Lab7_new/Lab7_new.srcs/sources_1/new/LUT_16_7.vhd">
      <FileInfo>
        <Attr Name="ImportPath" Val="$PPRDIR/../../Lab7_new/Lab7_new.srcs/sources_1/new/LUT_16_7.vhd"/>
        <Attr Name="ImportTime" Val="1683303154"/>
        <Attr Name="UsedIn" Val="synthesis"/>
        <Attr Name="UsedIn" Val="simulation"/>
      </FileInfo>
    </File>
    <File Path="$PSRCDIR/sources_1/imports/DELL/nanoprocessor/2way3bitMUX/Way2_bit3_MUX/Way2_bit3_MUX.srcs/sources_1/new/MUX_2to1.vhd">
      <FileInfo>
        <Attr Name="ImportPath" Val="$PPRDIR/../../nanoprocessor/2way3bitMUX/Way2_bit3_MUX/Way2_bit3_MUX.srcs/sources_1/new/MUX_2to1.vhd"/>
        <Attr Name="ImportTime" Val="1685757582"/>
        <Attr Name="UsedIn" Val="synthesis"/>
        <Attr Name="UsedIn" Val="simulation"/>
      </FileInfo>
    </File>
    <File Path="$PSRCDIR/sources_1/imports/DELL/Lab_4_new1/Lab_4.srcs/sources_1/new/Mux_8_to_1.vhd">
      <FileInfo>
        <Attr Name="ImportPath" Val="$PPRDIR/../../Lab_4_new1/Lab_4.srcs/sources_1/new/Mux_8_to_1.vhd"/>
        <Attr Name="ImportTime" Val="1683180493"/>
        <Attr Name="UsedIn" Val="synthesis"/>
        <Attr Name="UsedIn" Val="simulation"/>
      </FileInfo>
    </File>
    <File Path="$PSRCDIR/sources_1/imports/new/Program_Counter.vhd">
      <FileInfo>
        <Attr Name="ImportPath" Val="$PPRDIR/../PC/PC.srcs/sources_1/new/Program_Counter.vhd"/>
        <Attr Name="ImportTime" Val="1685861292"/>
        <Attr Name="UsedIn" Val="synthesis"/>
        <Attr Name="UsedIn" Val="simulation"/>
      </FileInfo>
    </File>
    <File Path="$PSRCDIR/sources_1/new/RCA_3.vhd">
      <FileInfo>
        <Attr Name="ImportPath" Val="$PPRDIR/../Lab10/Lab10.srcs/sources_1/new/RCA_3.vhd"/>
        <Attr Name="ImportTime" Val="1686468199"/>
        <Attr Name="UsedIn" Val="synthesis"/>
        <Attr Name="UsedIn" Val="simulation"/>
      </FileInfo>
    </File>
    <File Path="$PSRCDIR/sources_1/imports/DELL/nanoprocessor/Program_ROM/Program_ROM.srcs/sources_1/new/ROM.vhd">
      <FileInfo>
        <Attr Name="ImportPath" Val="$PPRDIR/../../nanoprocessor/Program_ROM/Program_ROM.srcs/sources_1/new/ROM.vhd"/>
        <Attr Name="ImportTime" Val="1685928752"/>
        <Attr Name="UsedIn" Val="synthesis"/>
        <Attr Name="UsedIn" Val="simulation"/>
      </FileInfo>
    </File>
    <File Path="$PSRCDIR/sources_1/new/Register_4_bit.vhd">
      <FileInfo>
        <Attr Name="ImportPath" Val="$PPRDIR/../Lab10/Lab10.srcs/sources_1/new/Register_4_bit.vhd"/>
        <Attr Name="ImportTime" Val="1686468199"/>
        <Attr Name="UsedIn" Val="synthesis"/>
        <Attr Name="UsedIn" Val="simulation"/>
      </FileInfo>
    </File>
    <File Path="$PSRCDIR/sources_1/new/Register_Bank.vhd">
      <FileInfo>
        <Attr Name="ImportPath" Val="$PPRDIR/../Lab10/Lab10.srcs/sources_1/new/Register_Bank.vhd"/>
        <Attr Name="ImportTime" Val="1686468199"/>
        <Attr Name="UsedIn" Val="synthesis"/>
        <Attr Name="UsedIn" Val="simulation"/>
      </FileInfo>
    </File>
    <File Path="$PSRCDIR/sources_1/imports/DELL/Lab 5  _ new 1/Lab 5.srcs/sources_1/new/Slow_Clk.vhd">
      <FileInfo>
        <Attr Name="ImportPath" Val="$PPRDIR/../../Lab 5  _ new 1/Lab 5.srcs/sources_1/new/Slow_Clk.vhd"/>
        <Attr Name="ImportTime" Val="1683180422"/>
        <Attr Name="UsedIn" Val="synthesis"/>
        <Attr Name="UsedIn" Val="simulation"/>
      </FileInfo>
    </File>
    <File Path="$PSRCDIR/sources_1/imports/DELL/nanoprocessor/2way3bitMUX/Way2_bit3_MUX/Way2_bit3_MUX.srcs/sources_1/new/Way2_3_Mux.vhd">
      <FileInfo>
        <Attr Name="ImportPath" Val="$PPRDIR/../../nanoprocessor/2way3bitMUX/Way2_bit3_MUX/Way2_bit3_MUX.srcs/sources_1/new/Way2_3_Mux.vhd"/>
        <Attr Name="ImportTime" Val="1685758428"/>
        <Attr Name="UsedIn" Val="synthesis"/>
        <Attr Name="UsedIn" Val="simulation"/>
      </FileInfo>
    </File>
    <File Path="$PSRCDIR/sources_1/imports/DELL/nanoprocessor/2Way_4bit_MUX/2Way_4bit_MUX.srcs/sources_1/new/Way2_4bit_MUX.vhd">
      <FileInfo>
        <Attr Name="ImportPath" Val="$PPRDIR/../../nanoprocessor/2Way_4bit_MUX/2Way_4bit_MUX.srcs/sources_1/new/Way2_4bit_MUX.vhd"/>
        <Attr Name="ImportTime" Val="1686155886"/>
        <Attr Name="UsedIn" Val="synthesis"/>
        <Attr Name="UsedIn" Val="simulation"/>
      </FileInfo>
    </File>
    <File Path="$PSRCDIR/sources_1/imports/DELL/nanoprocessor/Way_8_4bit_Mux/Way_8_4bit_Mux.srcs/sources_1/new/Way8_4_MUX.vhd">
      <FileInfo>
        <Attr Name="ImportPath" Val="$PPRDIR/../../nanoprocessor/Way_8_4bit_Mux/Way_8_4bit_Mux.srcs/sources_1/new/Way8_4_MUX.vhd"/>
        <Attr Name="ImportTime" Val="1685599176"/>
        <Attr Name="UsedIn" Val="synthesis"/>
        <Attr Name="UsedIn" Val="simulation"/>
      </FileInfo>
    </File>
    <File Path="$PSRCDIR/sources_1/new/Nano.vhd">
      <FileInfo>
        <Attr Name="ImportPath" Val="$PPRDIR/../Lab10/Lab10.srcs/sources_1/new/Nano.vhd"/>
        <Attr Name="ImportTime" Val="1686468199"/>
        <Attr Name="UsedIn" Val="synthesis"/>
        <Attr Name="UsedIn" Val="simulation"/>
      </FileInfo>
    </File>
    <File Path="$PSRCDIR/sources_1/imports/nanoprocessor/Program_ROM/Program_ROM.srcs/sim_1/new/TB_ROM.vhd">
      <FileInfo>
        <Attr Name="AutoDisabled" Val="1"/>
        <Attr Name="ImportPath" Val="$PPRDIR/../../nanoprocessor/Program_ROM/Program_ROM.srcs/sim_1/new/TB_ROM.vhd"/>
        <Attr Name="ImportTime" Val="1686162452"/>
        <Attr Name="UsedIn" Val="synthesis"/>
        <Attr Name="UsedIn" Val="simulation"/>
      </FileInfo>
    </File>
    <File Path="$PSRCDIR/sources_1/imports/new/RCA_4.vhd">
      <FileInfo>
        <Attr Name="AutoDisabled" Val="1"/>
        <Attr Name="ImportPath" Val="$PPRDIR/../../../2nd semi/computer organization/Lab03/Lab03.srcs/sources_1/new/RCA_4.vhd"/>
        <Attr Name="ImportTime" Val="1685595665"/>
        <Attr Name="UsedIn" Val="synthesis"/>
        <Attr Name="UsedIn" Val="simulation"/>
      </FileInfo>
    </File>
    <File Path="$PSRCDIR/sources_1/imports/nanoprocessor/2way3bitMUX/Way2_bit3_MUX/Way2_bit3_MUX.srcs/sim_1/new/TB_2_1_MUX.vhd">
      <FileInfo>
        <Attr Name="AutoDisabled" Val="1"/>
        <Attr Name="ImportPath" Val="$PPRDIR/../../nanoprocessor/2way3bitMUX/Way2_bit3_MUX/Way2_bit3_MUX.srcs/sim_1/new/TB_2_1_MUX.vhd"/>
        <Attr Name="ImportTime" Val="1686153912"/>
        <Attr Name="UsedIn" Val="synthesis"/>
        <Attr Name="UsedIn" Val="simulation"/>
      </FileInfo>
    </File>
    <File Path="$PSRCDIR/sources_1/imports/nanoprocessor/2way3bitMUX/Way2_bit3_MUX/Way2_bit3_MUX.srcs/sim_1/new/TB_2way_3bit_MUX.vhd">
      <FileInfo>
        <Attr Name="AutoDisabled" Val="1"/>
        <Attr Name="ImportPath" Val="$PPRDIR/../../nanoprocessor/2way3bitMUX/Way2_bit3_MUX/Way2_bit3_MUX.srcs/sim_1/new/TB_2way_3bit_MUX.vhd"/>
        <Attr Name="ImportTime" Val="1686149752"/>
        <Attr Name="UsedIn" Val="synthesis"/>
        <Attr Name="UsedIn" Val="simulation"/>
      </FileInfo>
    </File>
    <File Path="$PSRCDIR/sources_1/imports/nanoprocessor/Way_8_4bit_Mux/Way_8_4bit_Mux.srcs/sim_1/new/Way8_TB.vhd">
      <FileInfo>
        <Attr Name="AutoDisabled" Val="1"/>
        <Attr Name="ImportPath" Val="$PPRDIR/../../nanoprocessor/Way_8_4bit_Mux/Way_8_4bit_Mux.srcs/sim_1/new/Way8_TB.vhd"/>
        <Attr Name="ImportTime" Val="1686146634"/>
        <Attr Name="UsedIn" Val="synthesis"/>
        <Attr Name="UsedIn" Val="simulation"/>
      </FileInfo>
    </File>
    <File Path="$PSRCDIR/sources_1/imports/nanoprocessor/2Way_4bit_MUX/2Way_4bit_MUX.srcs/sim_1/new/TB_Way2_4_MUX.vhd">
      <FileInfo>
        <Attr Name="AutoDisabled" Val="1"/>
        <Attr Name="ImportPath" Val="$PPRDIR/../../nanoprocessor/2Way_4bit_MUX/2Way_4bit_MUX.srcs/sim_1/new/TB_Way2_4_MUX.vhd"/>
        <Attr Name="ImportTime" Val="1686155866"/>
        <Attr Name="UsedIn" Val="synthesis"/>
        <Attr Name="UsedIn" Val="simulation"/>
      </FileInfo>
    </File>
    <File Path="$PSRCDIR/sources_1/imports/new/Way2_3_Mux.vhd">
      <FileInfo>
        <Attr Name="AutoDisabled" Val="1"/>
        <Attr Name="ImportPath" Val="$PPRDIR/../2way3bitMUX/Way2_bit3_MUX/Way2_bit3_MUX.srcs/sources_1/new/Way2_3_Mux.vhd"/>
        <Attr Name="ImportTime" Val="1685758427"/>
        <Attr Name="UsedIn" Val="synthesis"/>
        <Attr Name="UsedIn" Val="simulation"/>
      </FileInfo>
    </File>
    <Config>
      <Option Name="DesignMode" Val="RTL"/>
      <Option Name="TopModule" Val="Nano"/>
    </Config>
  </FileSet>
  <FileSet Name="constrs_in" Type="Constrs" RelSrcDir="$PSRCDIR/constrs_1">
    <Filter Type="Constrs"/>
    <File Path="$PSRCDIR/constrs_1/imports/computer organization/Basys3Labs.xdc">
      <FileInfo>
        <Attr Name="ImportPath" Val="$PPRDIR/../../../2nd semi/computer organization/Basys3Labs.xdc"/>
        <Attr Name="ImportTime" Val="1686304355"/>
        <Attr Name="UsedIn" Val="synthesis"/>
        <Attr Name="UsedIn" Val="implementation"/>
      </FileInfo>
    </File>
    <Config>
      <Option Name="ConstrsType" Val="XDC"/>
    </Config>
  </FileSet>
  <Strategy Version="1" Minor="2">
    <StratHandle Name="Vivado Synthesis Defaults" Flow="Vivado Synthesis 2018"/>
    <Step Id="synth_design"/>
  </Strategy>
</GenRun>
